<?xml version="1.0" encoding="UTF-8"?>
<simplicite xmlns:xsi="http://www.w3.org/2001/XMLSchema-instance" xmlns="http://www.simplicite.fr/base" xsi:schemaLocation="http://www.simplicite.fr/base https://www.simplicite.io/resources/schemas/base.xsd">
<object>
	<name>TrnCategory</name>
	<action>upsert</action>
	<data>
		<trnCatPublish>0</trnCatPublish>
		<trnCatPath><![CDATA[/CTG_1_others]]></trnCatPath>
		<trnCatOrder>1</trnCatOrder>
		<trnCatCode>others</trnCatCode>
		<trnCatFrontPath><![CDATA[/others]]></trnCatFrontPath>
		<trnCatId.trnCatPath/>
	</data>
</object>
<object>
	<name>TrnCategoryTranslate</name>
	<action>upsert</action>
	<data>
		<trnCtrLang>ANY</trnCtrLang>
		<trnCtrTitle>Homepage</trnCtrTitle>
		<trnCtrDescription/>
		<trnCtrCatId.trnCatPath><![CDATA[/CTG_1_others]]></trnCtrCatId.trnCatPath>
	</data>
</object>
<object>
	<name>TrnLesson</name>
	<action>upsert</action>
	<data>
		<trnLsnPublish>1</trnLsnPublish>
		<trnLsnPath><![CDATA[/CTG_1_others/LSN_1_homepage]]></trnLsnPath>
		<trnLsnOrder>1</trnLsnOrder>
		<trnLsnCode>homepage</trnLsnCode>
		<trnLsnVisualization>LINEAR</trnLsnVisualization>
		<trnLsnFrontPath><![CDATA[/others/homepage]]></trnLsnFrontPath>
		<trnLsnCatId.trnCatPath><![CDATA[/CTG_1_others]]></trnLsnCatId.trnCatPath>
	</data>
</object>
<object>
	<name>TrnLsnTranslate</name>
	<action>upsert</action>
	<data>
		<trnLtrLang>ANY</trnLtrLang>
		<trnLtrTitle>Test import</trnLtrTitle>
		<trnLtrDescription/>
		<trnLtrContent><![CDATA[Test leçon
====================

```xml
<?xml version="1.0" encoding="UTF-8"?>
<simplicite xmlns:xsi="http://www.w3.org/2001/XMLSchema-instance" xmlns="http://www.simplicite.fr/base" xsi:schemaLocation="http://www.simplicite.fr/base https://www.simplicite.io/resources/schemas/base.xsd">
<object>
	<name>TrnLesson</name>
	<action>upsert</action>
	<data>
		<trnLsnCatId.trnCatPath>/testsplateformetraining</trnLsnCatId.trnCatPath>
		<trnLsnPath>/testsplateformetraining/testimport</trnLsnPath>
		<trnLsnOrder>30</trnLsnOrder>	
	</data>
</object>
<object>
	<name>TrnLsnTranslate</name>
	<action>upsert</action>
	<data>
		<trnLsnPath>/testsplateformetraining/testimport</trnLsnPath>
		<trnLtrLan>*</trnLtrLan>	
		<trnLtrDescription>Description</trnLtrDescription>
		<trnLtrTitle>Titre</trnLtrTitle>
		<trnLtrContent>### Contenu</trnLtrContent>
		<trnLtrVideo>create_object.webm</trnLtrVideo>
	</data>
</object>
<object>
	<name>TrnPicture</name>
	<action>upsert</action>
	<data>
		<trnPicLsnId.trnLsnPath>/testsplateformetraining/testimport</trnPicLsnId.trnLsnPath>
		<trnPicLang>*</trnPicLang>
		<trnPicImage>formation_021.png</trnPicImage>
	</data>
	<data>
		<trnPicLsnId.trnLsnPath>/testsplateformetraining/testimport</trnPicLsnId.trnLsnPath>
		<trnPicLang>*</trnPicLang>
		<trnPicImage>formation_023.png</trnPicImage>
	</data>
</object>
</simplicite>
```]]></trnLtrContent>
		<trnLtrVideo>TrnLsnTranslate/trnLtrVideo/0/641/testimport.webm</trnLtrVideo>
		<trnLtrHtmlContent><![CDATA[<h1 id="test-leçon">Test leçon</h1>
<pre><code class="language-xml">&lt;?xml version=&quot;1.0&quot; encoding=&quot;UTF-8&quot;?&gt;
&lt;simplicite xmlns:xsi=&quot;http://www.w3.org/2001/XMLSchema-instance&quot; xmlns=&quot;http://www.simplicite.fr/base&quot; xsi:schemaLocation=&quot;http://www.simplicite.fr/base https://www.simplicite.io/resources/schemas/base.xsd&quot;&gt;
&lt;object&gt;
	&lt;name&gt;TrnLesson&lt;/name&gt;
	&lt;action&gt;upsert&lt;/action&gt;
	&lt;data&gt;
		&lt;trnLsnCatId.trnCatPath&gt;/testsplateformetraining&lt;/trnLsnCatId.trnCatPath&gt;
		&lt;trnLsnPath&gt;/testsplateformetraining/testimport&lt;/trnLsnPath&gt;
		&lt;trnLsnOrder&gt;30&lt;/trnLsnOrder&gt;	
	&lt;/data&gt;
&lt;/object&gt;
&lt;object&gt;
	&lt;name&gt;TrnLsnTranslate&lt;/name&gt;
	&lt;action&gt;upsert&lt;/action&gt;
	&lt;data&gt;
		&lt;trnLsnPath&gt;/testsplateformetraining/testimport&lt;/trnLsnPath&gt;
		&lt;trnLtrLan&gt;*&lt;/trnLtrLan&gt;	
		&lt;trnLtrDescription&gt;Description&lt;/trnLtrDescription&gt;
		&lt;trnLtrTitle&gt;Titre&lt;/trnLtrTitle&gt;
		&lt;trnLtrContent&gt;### Contenu&lt;/trnLtrContent&gt;
		&lt;trnLtrVideo&gt;create_object.webm&lt;/trnLtrVideo&gt;
	&lt;/data&gt;
&lt;/object&gt;
&lt;object&gt;
	&lt;name&gt;TrnPicture&lt;/name&gt;
	&lt;action&gt;upsert&lt;/action&gt;
	&lt;data&gt;
		&lt;trnPicLsnId.trnLsnPath&gt;/testsplateformetraining/testimport&lt;/trnPicLsnId.trnLsnPath&gt;
		&lt;trnPicLang&gt;*&lt;/trnPicLang&gt;
		&lt;trnPicImage&gt;formation_021.png&lt;/trnPicImage&gt;
	&lt;/data&gt;
	&lt;data&gt;
		&lt;trnPicLsnId.trnLsnPath&gt;/testsplateformetraining/testimport&lt;/trnPicLsnId.trnLsnPath&gt;
		&lt;trnPicLang&gt;*&lt;/trnPicLang&gt;
		&lt;trnPicImage&gt;formation_023.png&lt;/trnPicImage&gt;
	&lt;/data&gt;
&lt;/object&gt;
&lt;/simplicite&gt;
</code></pre>]]></trnLtrHtmlContent>
		<trnLtrLsnId.trnLsnPath/>
		<trnLtrRawContent><![CDATA[Test leçon <?xml version="1.0" encoding="UTF-8"?>
<simplicite xmlns:xsi="http://www.w3.org/2001/XMLSchema-instance" xmlns="http://www.simplicite.fr/base" xsi:schemaLocation="http://www.simplicite.fr/base https://www.simplicite.io/resources/schemas/base.xsd">
<object>
	<name>TrnLesson</name>
	<action>upsert</action>
	<data>
		<trnLsnCatId.trnCatPath>/testsplateformetraining</trnLsnCatId.trnCatPath>
		<trnLsnPath>/testsplateformetraining/testimport</trnLsnPath>
		<trnLsnOrder>30</trnLsnOrder>	
	</data>
</object>
<object>
	<name>TrnLsnTranslate</name>
	<action>upsert</action>
	<data>
		<trnLsnPath>/testsplateformetraining/testimport</trnLsnPath>
		<trnLtrLan>*</trnLtrLan>	
		<trnLtrDescription>Description</trnLtrDescription>
		<trnLtrTitle>Titre</trnLtrTitle>
		<trnLtrContent>### Contenu</trnLtrContent>
		<trnLtrVideo>create_object.webm</trnLtrVideo>
	</data>
</object>
<object>
	<name>TrnPicture</name>
	<action>upsert</action>
	<data>
		<trnPicLsnId.trnLsnPath>/testsplateformetraining/testimport</trnPicLsnId.trnLsnPath>
		<trnPicLang>*</trnPicLang>
		<trnPicImage>formation_021.png</trnPicImage>
	</data>
	<data>
		<trnPicLsnId.trnLsnPath>/testsplateformetraining/testimport</trnPicLsnId.trnLsnPath>
		<trnPicLang>*</trnPicLang>
		<trnPicImage>formation_023.png</trnPicImage>
	</data>
</object>
</simplicite>]]></trnLtrRawContent>
	</data>
	<data>
		<trnLtrLang>ENU</trnLtrLang>
		<trnLtrTitle>Markdown formatting</trnLtrTitle>
		<trnLtrDescription/>
		<trnLtrContent/>
		<trnLtrVideo/>
		<trnLtrHtmlContent/>
		<trnLtrLsnId.trnLsnPath/>
		<trnLtrRawContent/>
	</data>
	<data>
		<trnLtrLang>ANY</trnLtrLang>
		<trnLtrTitle>homepage</trnLtrTitle>
		<trnLtrDescription/>
		<trnLtrContent><![CDATA[<div class="banner">
	<div class="banner-wrapper">
		<img
		src="/img/illustration_training_Simplicite.png"
		class="illustration"
		/>
		<div class="banner-text">
			<h1 class="banner-title">
				<strong>Documentation</strong>
			</h1>
			<h2 class="banner-subtitle">
				All the developer resources accessible from one single place.
			</h2>
		</div>
	</div>
</div>
<!-- default -->
<div class="content-wrapper">
	<div class="content">
		<div class="description-wrapper">
			<div class="description">
				<h2 class="description-title">What is the Simplicité low-code platform ?</h2>
				<div class="description-text">
					<img
					src="/img/Schema_Simplicite.png"
					class="description-image"
					alt="Schema simplicite"
					/>
					<p>
						Lorem ipsum dolor sit amet, consectetur adipiscing elit, sed do
						eiusmod tempor incididunt ut labore et dolore magna aliqua. Ut
						enim ad minim veniam, quis nostrud exercitation ullamco laboris
						nisi ut aliquip ex ea commodo consequat. Duis aute irure dolor
						in reprehenderit in voluptate velit esse cillum dolore eu fugiat
						nulla pariatur. Excepteur sint occaecat cupidatat non proident,
						sunt in culpa qui officia deserunt mollit anim id est laborum.
						<br>
						<br>
						Lorem ipsum dolor sit amet, consectetur adipiscing elit, sed do
						eiusmod tempor incididunt ut labore et dolore magna aliqua. Ut
						enim ad minim veniam, quis nostrud exercitation ullamco laboris
						nisi ut aliquip ex ea commodo consequat. Duis aute irure dolor
						in reprehenderit in voluptate velit esse cillum dolore eu fugiat
						nulla pariatur. Excepteur sint occaecat cupidatat non proident,
						sunt in culpa qui officia deserunt mollit anim id est laborum.
					</p>
				</div>
			</div>
		</div>
		<div class="link_wrapper">
			<a class="link-item">
				<div class="link-item-content">
					<span class="material-icons icons">link</span>
					<p class="link-item-text">Deploy your sandbox and start building !</p>
				</div>
			</a>
			<a class="link-item" href="https://community.simplicite.io/">
				<div class="link-item-content">
					<span class="material-icons icons">link</span>
					<p class="link-item-text">Community, the Simplicité support, to find all your answers</p>
				</div>
			</a>
			<a class="link-item" href="https://docs.simplicite.io/documentation/">
				<div class="link-item-content">
					<span class="material-icons icons">link</span>
					Technical documentation
				</div>
			</a>
			<a class="link-item" href="https://docs.simplicite.io/5/">
				<div class="link-item-content">
					<span class="material-icons icons">link</span>
					<p class="link-item-text">Javadocs, JSDocs, Release Notes...</p>
				</div>
			</a>
			<a class="link-item">
				<div class="link-item-content">
					<span class="material-icons icons">link</span>
					<p class="link-item-text">Docker Registry</p>
				</div>
			</a>
		</div>
	</div>
</div>

<style>
.banner {
	background-image: url('/img/Home-training-center.jpg');
	background-repeat: no-repeat;
	background-position: 25%;
	background-color: #F7F7F7;
	background-size: cover;
	border-radius: 4px;
}
.banner-wrapper {
	display: flex;
	flex-direction: row;
	color: white;
	text-align: center;
	padding-bottom: 20px;
}
.illustration {
	padding-left: 15%;
}
.banner-text {
	font-size: 20px;
	padding-left: 60px;
	text-align: left;
	align-self: center;
	max-width: 600px;
}
.banner-subtitle {
	padding-top: 10px;	
}
.content-wrapper {
	display: flex;
	flex-direction: row;
	padding: 2%;
}
.content {
	display: flex;
	align-items: center;
}
.description-wrapper {
	border-radius: 15px;
	width: 60%;
	box-shadow: 0 0 9px 2px rgba(204, 204, 204, 1);
}
.description {
	padding: 3%;
}
.description-title {
	text-align: center;
}
.description-text {
	padding-top: 4%;
}
.description-image {
	float: right;
}
.link_wrapper {
	width: 40%;
	padding-left: 4%;
	padding-right: 2%;
	display: flex;
	flex-direction: column;
}
.link-item {
	box-shadow: 0 0 9px 2px rgba(204, 204, 204, 1);
	width: 100%;
	height: 3.5em;
	border-radius: 10px;
	font-size: 1vw;
	margin-bottom: 2em;
	align-self: center;
	color: inherit;
	text-decoration: inherit;
}
.link-item-content {
	display: flex;
	flex-direction: row;
	padding-top: 1.1em;
	padding-left: 1em;
}
</style>]]></trnLtrContent>
		<trnLtrVideo/>
		<trnLtrHtmlContent><![CDATA[<div class="banner">
	<div class="banner-wrapper">
		<img
		src="/img/illustration_training_Simplicite.png"
		class="illustration"
		/>
		<div class="banner-text">
			<h1 class="banner-title">
				<strong>Documentation</strong>
			</h1>
			<h2 class="banner-subtitle">
				All the developer resources accessible from one single place.
			</h2>
		</div>
	</div>
</div>
<!-- default -->
<div class="content-wrapper">
	<div class="content">
		<div class="description-wrapper">
			<div class="description">
				<h2 class="description-title">What is the Simplicité low-code platform ?</h2>
				<div class="description-text">
					<img
					src="/img/Schema_Simplicite.png"
					class="description-image"
					alt="Schema simplicite"
					/>
					<p>
						Lorem ipsum dolor sit amet, consectetur adipiscing elit, sed do
						eiusmod tempor incididunt ut labore et dolore magna aliqua. Ut
						enim ad minim veniam, quis nostrud exercitation ullamco laboris
						nisi ut aliquip ex ea commodo consequat. Duis aute irure dolor
						in reprehenderit in voluptate velit esse cillum dolore eu fugiat
						nulla pariatur. Excepteur sint occaecat cupidatat non proident,
						sunt in culpa qui officia deserunt mollit anim id est laborum.
						<br>
						<br>
						Lorem ipsum dolor sit amet, consectetur adipiscing elit, sed do
						eiusmod tempor incididunt ut labore et dolore magna aliqua. Ut
						enim ad minim veniam, quis nostrud exercitation ullamco laboris
						nisi ut aliquip ex ea commodo consequat. Duis aute irure dolor
						in reprehenderit in voluptate velit esse cillum dolore eu fugiat
						nulla pariatur. Excepteur sint occaecat cupidatat non proident,
						sunt in culpa qui officia deserunt mollit anim id est laborum.
					</p>
				</div>
			</div>
		</div>
		<div class="link_wrapper">
			<a class="link-item">
				<div class="link-item-content">
					<span class="material-icons icons">link</span>
					<p class="link-item-text">Deploy your sandbox and start building !</p>
				</div>
			</a>
			<a class="link-item" href="https://community.simplicite.io/">
				<div class="link-item-content">
					<span class="material-icons icons">link</span>
					<p class="link-item-text">Community, the Simplicité support, to find all your answers</p>
				</div>
			</a>
			<a class="link-item" href="https://docs.simplicite.io/documentation/">
				<div class="link-item-content">
					<span class="material-icons icons">link</span>
					Technical documentation
				</div>
			</a>
			<a class="link-item" href="https://docs.simplicite.io/5/">
				<div class="link-item-content">
					<span class="material-icons icons">link</span>
					<p class="link-item-text">Javadocs, JSDocs, Release Notes...</p>
				</div>
			</a>
			<a class="link-item">
				<div class="link-item-content">
					<span class="material-icons icons">link</span>
					<p class="link-item-text">Docker Registry</p>
				</div>
			</a>
		</div>
	</div>
</div>
<style>
.banner {
	background-image: url('/img/Home-training-center.jpg');
	background-repeat: no-repeat;
	background-position: 25%;
	background-color: #F7F7F7;
	background-size: cover;
	border-radius: 4px;
}
.banner-wrapper {
	display: flex;
	flex-direction: row;
	color: white;
	text-align: center;
	padding-bottom: 20px;
}
.illustration {
	padding-left: 15%;
}
.banner-text {
	font-size: 20px;
	padding-left: 60px;
	text-align: left;
	align-self: center;
	max-width: 600px;
}
.banner-subtitle {
	padding-top: 10px;	
}
.content-wrapper {
	display: flex;
	flex-direction: row;
	padding: 2%;
}
.content {
	display: flex;
	align-items: center;
}
.description-wrapper {
	border-radius: 15px;
	width: 60%;
	box-shadow: 0 0 9px 2px rgba(204, 204, 204, 1);
}
.description {
	padding: 3%;
}
.description-title {
	text-align: center;
}
.description-text {
	padding-top: 4%;
}
.description-image {
	float: right;
}
.link_wrapper {
	width: 40%;
	padding-left: 4%;
	padding-right: 2%;
	display: flex;
	flex-direction: column;
}
.link-item {
	box-shadow: 0 0 9px 2px rgba(204, 204, 204, 1);
	width: 100%;
	height: 3.5em;
	border-radius: 10px;
	font-size: 1vw;
	margin-bottom: 2em;
	align-self: center;
	color: inherit;
	text-decoration: inherit;
}
.link-item-content {
	display: flex;
	flex-direction: row;
	padding-top: 1.1em;
	padding-left: 1em;
}
</style>]]></trnLtrHtmlContent>
		<trnLtrLsnId.trnLsnPath><![CDATA[/CTG_1_others/LSN_1_homepage]]></trnLtrLsnId.trnLsnPath>
		<trnLtrRawContent><![CDATA[Documentation All the developer resources accessible from one single place. What is the Simplicité low-code platform ? Lorem ipsum dolor sit amet, consectetur adipiscing elit, sed do eiusmod tempor incididunt ut labore et dolore magna aliqua. Ut enim ad minim veniam, quis nostrud exercitation ullamco laboris nisi ut aliquip ex ea commodo consequat. Duis aute irure dolor in reprehenderit in voluptate velit esse cillum dolore eu fugiat nulla pariatur. Excepteur sint occaecat cupidatat non proident, sunt in culpa qui officia deserunt mollit anim id est laborum. Lorem ipsum dolor sit amet, consectetur adipiscing elit, sed do eiusmod tempor incididunt ut labore et dolore magna aliqua. Ut enim ad minim veniam, quis nostrud exercitation ullamco laboris nisi ut aliquip ex ea commodo consequat. Duis aute irure dolor in reprehenderit in voluptate velit esse cillum dolore eu fugiat nulla pariatur. Excepteur sint occaecat cupidatat non proident, sunt in culpa qui officia deserunt mollit anim id est laborum. link Deploy your sandbox and start building ! link Community, the Simplicité support, to find all your answers link Technical documentation link Javadocs, JSDocs, Release Notes... link Docker Registry]]></trnLtrRawContent>
	</data>
</object>
<object>
	<name>TrnPicture</name>
	<action>upsert</action>
	<data>
		<trnPicLang>ANY</trnPicLang>
		<trnPicImage>TrnPicture/trnPicImage/0/111/illustration_training_Simplicite.png</trnPicImage>
		<trnPicLsnId.trnLsnPath><![CDATA[/CTG_1_others/LSN_1_homepage]]></trnPicLsnId.trnLsnPath>
	</data>
	<data>
		<trnPicLang>ANY</trnPicLang>
		<trnPicImage>TrnPicture/trnPicImage/0/112/Schema_Simplicite.png</trnPicImage>
		<trnPicLsnId.trnLsnPath><![CDATA[/CTG_1_others/LSN_1_homepage]]></trnPicLsnId.trnLsnPath>
	</data>
	<data>
		<trnPicLang>ANY</trnPicLang>
		<trnPicImage>TrnPicture/trnPicImage/0/113/Home-training-center.jpg</trnPicImage>
		<trnPicLsnId.trnLsnPath><![CDATA[/CTG_1_others/LSN_1_homepage]]></trnPicLsnId.trnLsnPath>
	</data>
</object>
<object>
	<name>TrnTag</name>
	<action>upsert</action>
</object>
<object>
	<name>TrnTagTranslate</name>
	<action>upsert</action>
</object>
<object>
	<name>TrnTagLsn</name>
	<action>upsert</action>
</object>
</simplicite>
