<?xml version="1.0" encoding="UTF-8"?>
<simplicite xmlns:xsi="http://www.w3.org/2001/XMLSchema-instance" xmlns="http://www.simplicite.fr/base" xsi:schemaLocation="http://www.simplicite.fr/base https://www.simplicite.io/resources/schemas/base.xsd">
<object>
	<name>TrnCategory</name>
	<action>upsert</action>
	<data>
		<trnCatOrder>10</trnCatOrder>
		<trnCatTitle>Configuration</trnCatTitle>
		<trnCatPath>/tutoriel/configuration</trnCatPath>
		<trnCatDescription/>
		<trnCatPicture/>
		<trnCatId.trnCatTitle>Tutoriel</trnCatId.trnCatTitle>
		<trnCatId.trnCatPath>/tutoriel</trnCatId.trnCatPath>
	</data>
	<data>
		<trnCatOrder>10</trnCatOrder>
		<trnCatTitle>Utilisation de l'interface</trnCatTitle>
		<trnCatPath>/utilisationdelinterface</trnCatPath>
		<trnCatDescription/>
		<trnCatPicture/>
		<trnCatId.trnCatTitle/>
		<trnCatId.trnCatPath/>
	</data>
	<data>
		<trnCatOrder>20</trnCatOrder>
		<trnCatTitle>Architecture générale</trnCatTitle>
		<trnCatPath>/architecturegenerale</trnCatPath>
		<trnCatDescription><![CDATA[Décrit l'architecture Générale d'une application Simplicité]]></trnCatDescription>
		<trnCatPicture/>
		<trnCatId.trnCatTitle/>
		<trnCatId.trnCatPath/>
	</data>
	<data>
		<trnCatOrder>30</trnCatOrder>
		<trnCatTitle>Tutoriel</trnCatTitle>
		<trnCatPath>/tutoriel</trnCatPath>
		<trnCatDescription/>
		<trnCatPicture>TrnCategory/trnCatPicture/0/26/ee35815c.png</trnCatPicture>
		<trnCatId.trnCatTitle/>
		<trnCatId.trnCatPath/>
	</data>
	<data>
		<trnCatOrder>40</trnCatOrder>
		<trnCatTitle>Opérations</trnCatTitle>
		<trnCatPath>/operations</trnCatPath>
		<trnCatDescription/>
		<trnCatPicture/>
		<trnCatId.trnCatTitle/>
		<trnCatId.trnCatPath/>
	</data>
	<data>
		<trnCatOrder>1000</trnCatOrder>
		<trnCatTitle>Tests plateforme training</trnCatTitle>
		<trnCatPath>/testsplateformetraining</trnCatPath>
		<trnCatDescription/>
		<trnCatPicture/>
		<trnCatId.trnCatTitle/>
		<trnCatId.trnCatPath/>
	</data>
</object>
<object>
	<name>TrnCategoryTranslate</name>
	<action>upsert</action>
</object>
<object>
	<name>TrnLesson</name>
	<action>upsert</action>
	<data>
		<trnLsnOrder>10</trnLsnOrder>
		<trnLsnTitle>Mise en forme Markdown</trnLsnTitle>
		<trnLsnPath>/testsplateformetraining/miseenformemarkdown</trnLsnPath>
		<trnLsnDescription/>
		<trnLsnVideo>TrnLesson/trnLsnVideo/0/14/create_object.webm</trnLsnVideo>
		<trnLsnContent><![CDATA[Ceci est un test des différents éléments qu'il faut pouvoir mettre en forme:

Inline
====================
*italique*

**gras**

[Lien](#ancre)

`inline code` 

Listes
====================
- non numérotées
- non numérotées

1. numérotées
1. numérotées

Titres (niv 1)
====================
## Titre 2
### Titre 3
#### Titre 4

Séparateur
====================

---

Image (à tester avec image jointe)
====================

![alt text](https://simplicite.fr/wp-content/uploads/img/Logo_Simplicite_Website.svg)


Table
====================

| Syntax | Description |
| ----------- | ----------- |
| Header | Title |
| Paragraph | Text | 

Java code syntax highlighting
====================

```java
public byte[] pubExcel(PrintTemplate pt){
	pt.setFilename(pt.getFilename().replace("[attr]", getFieldValue("attr")));
	try{
		ExcelPOITool xls = new ExcelPOITool(true);
		ExcelPOITool.ExcelSheet sheet = xls.newSheet("Feuille 1");
		sheet.addFullRow(0, new String[]{"A", "B", "C"}); // at line 0
		xls.add(sheet);
		return xls.generateToByteArray();	
	}
	catch(Exception e){
		AppLog.error(getClass(), "pubExcel", "Excel generation error", e, getGrant());
		return null;
	}
}
```

HTML code
====================
```html
<div class='alert alert-success'>Webpage publication pattern example</div>
<div class="container">
    <table class="table table-striped table-hover">
		{{#rows}}
		<tr>
			<td>{{fieldName}}</td>
		</tr>
		{{/rows}}
	</table>
</div>
```

Blockquotes
====================

> Dorothy followed her through many of the beautiful rooms in her castle.
>
>> The Witch bade her clean the pots and kettles and sweep the floor and keep the fire fed with wood.

The rendered ou

### Titre avec ancre (#ancre) {#ancre}

test

Special blocks
====================

<div class="info">Info div</div>
<div class="success">Success div</div>
<div class="warning">Warning div</div>
<div class="error">Error div</div>

Collapsable
====================

<details>
<summary>Click to see</summary>

```javascript
console.log('nice code')
```

</details>

Carousel control
====================

[Clicking this link will change image in carousel](#IMG_CLICK_formation_021.png)

[Scrolling until this link will change image in carousel](#IMG_SCROLL_formation_021.png) ([see POC here](https://jsfiddle.net/scampano/f9atmsrn/51))


]]></trnLsnContent>
		<trnLsnCatId.trnCatTitle>Tests plateforme training</trnLsnCatId.trnCatTitle>
		<trnLsnCatId.trnCatPath>/testsplateformetraining</trnLsnCatId.trnCatPath>
		<trnLsnHtmlContent><![CDATA[<p>Ceci est un test des différents éléments qu'il faut pouvoir mettre en forme:</p>
<h1 id="inline">Inline</h1>
<p><em>italique</em></p>
<p><strong>gras</strong></p>
<p><a href="#ancre">Lien</a></p>
<p><code>inline code</code></p>
<h1 id="listes">Listes</h1>
<ul>
<li>non numérotées</li>
<li>non numérotées</li>
</ul>
<ol>
<li>numérotées</li>
<li>numérotées</li>
</ol>
<h1 id="titres-niv-1">Titres (niv 1)</h1>
<h2 id="titre-2">Titre 2</h2>
<h3 id="titre-3">Titre 3</h3>
<h4 id="titre-4">Titre 4</h4>
<h1 id="séparateur">Séparateur</h1>
<hr />
<h1 id="image-à-tester-avec-image-jointe">Image (à tester avec image jointe)</h1>
<p><img src="https://simplicite.fr/wp-content/uploads/img/Logo_Simplicite_Website.svg" alt="alt text" /></p>
<h1 id="table">Table</h1>
<table>
<thead>
<tr>
<th>Syntax</th>
<th>Description</th>
</tr>
</thead>
<tbody>
<tr>
<td>Header</td>
<td>Title</td>
</tr>
<tr>
<td>Paragraph</td>
<td>Text</td>
</tr>
</tbody>
</table>
<h1 id="java-code-syntax-highlighting">Java code syntax highlighting</h1>
<pre><code class="language-java">public byte[] pubExcel(PrintTemplate pt){
	pt.setFilename(pt.getFilename().replace(&quot;[attr]&quot;, getFieldValue(&quot;attr&quot;)));
	try{
		ExcelPOITool xls = new ExcelPOITool(true);
		ExcelPOITool.ExcelSheet sheet = xls.newSheet(&quot;Feuille 1&quot;);
		sheet.addFullRow(0, new String[]{&quot;A&quot;, &quot;B&quot;, &quot;C&quot;}); // at line 0
		xls.add(sheet);
		return xls.generateToByteArray();	
	}
	catch(Exception e){
		AppLog.error(getClass(), &quot;pubExcel&quot;, &quot;Excel generation error&quot;, e, getGrant());
		return null;
	}
}
</code></pre>
<h1 id="html-code">HTML code</h1>
<pre><code class="language-html">&lt;div class='alert alert-success'&gt;Webpage publication pattern example&lt;/div&gt;
&lt;div class=&quot;container&quot;&gt;
    &lt;table class=&quot;table table-striped table-hover&quot;&gt;
		{{#rows}}
		&lt;tr&gt;
			&lt;td&gt;{{fieldName}}&lt;/td&gt;
		&lt;/tr&gt;
		{{/rows}}
	&lt;/table&gt;
&lt;/div&gt;
</code></pre>
<h1 id="blockquotes">Blockquotes</h1>
<blockquote>
<p>Dorothy followed her through many of the beautiful rooms in her castle.</p>
<blockquote>
<p>The Witch bade her clean the pots and kettles and sweep the floor and keep the fire fed with wood.</p>
</blockquote>
</blockquote>
<p>The rendered ou</p>
<h3 id="titre-avec-ancre-ancre-ancre">Titre avec ancre (#ancre) {#ancre}</h3>
<p>test</p>
<h1 id="special-blocks">Special blocks</h1>
<div class="info">Info div</div>
<div class="success">Success div</div>
<div class="warning">Warning div</div>
<div class="error">Error div</div>
<h1 id="collapsable">Collapsable</h1>
<details>
<summary>Click to see</summary>
<pre><code class="language-javascript">console.log('nice code')
</code></pre>
</details>
<h1 id="carousel-control">Carousel control</h1>
<p><a href="#IMG_CLICK_formation_021.png">Clicking this link will change image in carousel</a></p>
<p><a href="#IMG_SCROLL_formation_021.png">Scrolling until this link will change image in carousel</a> (<a href="https://jsfiddle.net/scampano/f9atmsrn/51">see POC here</a>)</p>
]]></trnLsnHtmlContent>
		<trnLsnCatId.trnCatId.trnCatTitle/>
	</data>
	<data>
		<trnLsnOrder>20</trnLsnOrder>
		<trnLsnTitle>Leçon vide</trnLsnTitle>
		<trnLsnPath>/testsplateformetraining/leconvide</trnLsnPath>
		<trnLsnDescription/>
		<trnLsnVideo/>
		<trnLsnContent/>
		<trnLsnCatId.trnCatTitle>Tests plateforme training</trnLsnCatId.trnCatTitle>
		<trnLsnCatId.trnCatPath>/testsplateformetraining</trnLsnCatId.trnCatPath>
		<trnLsnHtmlContent/>
		<trnLsnCatId.trnCatId.trnCatTitle/>
	</data>
	<data>
		<trnLsnOrder>100</trnLsnOrder>
		<trnLsnTitle>Créer module</trnLsnTitle>
		<trnLsnPath>/tutoriel/configuration/creermodule</trnLsnPath>
		<trnLsnDescription/>
		<trnLsnVideo>TrnLesson/trnLsnVideo/0/11/video.webm</trnLsnVideo>
		<trnLsnContent><![CDATA[Création du module
====================

Simplicité se configure via des **objets de configuration** qui permettent de décrire l'application. Ces objets de configuration comprennent les objets métier, les attributs de ces objets, les templates d'objet, les actions réalisables sur ces objets, etc. **Tous les objets de configuration vont appartenir à un module, qui est l'unité d'export**. Les développeurs développent leur application sur une instance de développement, et exportent le module pour l'installer sur une instance de production par exemple. 

Il faut dissocier la notion d'application et la notion de module. Le module est en effet l'unité d'export, mais une application peut être composée de différents modules: un ERP peut ainsi être composé d'un module RH, d'un module CRM et d'un module Gestion de projet qui suivent chacun leurs propres cycles de développement. Dans le cas étudié sur cette formation, tout le paramétrage est réalisé au sein d'un seul module.

Toute configuration commence donc par la création d'un module. Pour faciliter le démarrage, un process de création de module est proposé sur la page d'accueil, qui permet de créer non seulement un module, mais aussi des groupes de droits, un domaine (menu), et un scope. 

L'ensemble des objets de configuration et les relations qu'ils ont les uns avec les autres forme ce que l'on appelle le **méta-modèle**. Il y a toujours de nombreuses façons de naviguer et d'obtenir un même résultat dasn l'application, c'est donc la compréhension du méta-modèle qui permet de s'orienter dans la configuration d'une application. Cette formation a pour objet de le présenter et de l'expliquer ce méta-modèle.

Démarrer le process qui se compose de différentes étapes:

- Création du module
    - nom: **Training**
    - préfixe: **trn** *(le préfixe permet d'appliquer automatiquement des conventions syntaxiques au nommage de vos objets)*
- Création d'un groupe de droits
    - nom: **SUPERADMIN** *(si vous avez bien saisi le préfixe à l'étape précédente, la plateforme vous proposera un nom de groupe respectant les conventions)*
- Création d'un domaine (menu)
    - nom: **TrnDomain**
- Création d'un scope: *le scope permet de définir différentes "casquettes" d'utilisateurs. Par exemple un administrateur pourra utiliser sa casquette "utilisateur standard", ou bien changer de scope via le composant dédié et utiliser sa casquette "administrateur" lui permettant d'effectuer toutes les opérations.* 
    - icône: cliquer sur la loupe et choisir une icône pour ce scope]]></trnLsnContent>
		<trnLsnCatId.trnCatTitle>Configuration</trnLsnCatId.trnCatTitle>
		<trnLsnCatId.trnCatPath>/tutoriel/configuration</trnLsnCatId.trnCatPath>
		<trnLsnHtmlContent><![CDATA[<h1 id="création-du-module">Création du module</h1>
<p>Simplicité se configure via des <strong>objets de configuration</strong> qui permettent de décrire l'application. Ces objets de configuration comprennent les objets métier, les attributs de ces objets, les templates d'objet, les actions réalisables sur ces objets, etc. <strong>Tous les objets de configuration vont appartenir à un module, qui est l'unité d'export</strong>. Les développeurs développent leur application sur une instance de développement, et exportent le module pour l'installer sur une instance de production par exemple.</p>
<p>Il faut dissocier la notion d'application et la notion de module. Le module est en effet l'unité d'export, mais une application peut être composée de différents modules: un ERP peut ainsi être composé d'un module RH, d'un module CRM et d'un module Gestion de projet qui suivent chacun leurs propres cycles de développement. Dans le cas étudié sur cette formation, tout le paramétrage est réalisé au sein d'un seul module.</p>
<p>Toute configuration commence donc par la création d'un module. Pour faciliter le démarrage, un process de création de module est proposé sur la page d'accueil, qui permet de créer non seulement un module, mais aussi des groupes de droits, un domaine (menu), et un scope.</p>
<p>L'ensemble des objets de configuration et les relations qu'ils ont les uns avec les autres forme ce que l'on appelle le <strong>méta-modèle</strong>. Il y a toujours de nombreuses façons de naviguer et d'obtenir un même résultat dasn l'application, c'est donc la compréhension du méta-modèle qui permet de s'orienter dans la configuration d'une application. Cette formation a pour objet de le présenter et de l'expliquer ce méta-modèle.</p>
<p>Démarrer le process qui se compose de différentes étapes:</p>
<ul>
<li>Création du module
<ul>
<li>nom: <strong>Training</strong></li>
<li>préfixe: <strong>trn</strong> <em>(le préfixe permet d'appliquer automatiquement des conventions syntaxiques au nommage de vos objets)</em></li>
</ul>
</li>
<li>Création d'un groupe de droits
<ul>
<li>nom: <strong>SUPERADMIN</strong> <em>(si vous avez bien saisi le préfixe à l'étape précédente, la plateforme vous proposera un nom de groupe respectant les conventions)</em></li>
</ul>
</li>
<li>Création d'un domaine (menu)
<ul>
<li>nom: <strong>TrnDomain</strong></li>
</ul>
</li>
<li>Création d'un scope: <em>le scope permet de définir différentes &quot;casquettes&quot; d'utilisateurs. Par exemple un administrateur pourra utiliser sa casquette &quot;utilisateur standard&quot;, ou bien changer de scope via le composant dédié et utiliser sa casquette &quot;administrateur&quot; lui permettant d'effectuer toutes les opérations.</em>
<ul>
<li>icône: cliquer sur la loupe et choisir une icône pour ce scope</li>
</ul>
</li>
</ul>
]]></trnLsnHtmlContent>
		<trnLsnCatId.trnCatId.trnCatTitle>Tutoriel</trnLsnCatId.trnCatId.trnCatTitle>
	</data>
	<data>
		<trnLsnOrder>110</trnLsnOrder>
		<trnLsnTitle>Créer Objet Métier</trnLsnTitle>
		<trnLsnPath>/tutoriel/configuration/creerobjetmetier</trnLsnPath>
		<trnLsnDescription><![CDATA[Création de l'objet métier]]></trnLsnDescription>
		<trnLsnVideo>TrnLesson/trnLsnVideo/0/12/create_object.webm</trnLsnVideo>
		<trnLsnContent><![CDATA[Création d'objet métier
====================

Concepts
---------------------------

L'objet métier est la pierre angulaire de toute configuration, c'est autour de lui de se concentrent la plupart des fonctionnalités offertes par la plateforme:
- recherche
- listes
- formulaires
- scripts
- publications
- etc.

À partir de la configuration de l'objet métier, la plateforme créera une table dans la base de données, et offrira à l'utilisateur les fonctionnalité classiques de manipulation de données: création, suppression, modification, copie, modification en masse, suppression en masse, fusion, etc. Chaque objet métier peut porter des règles de gestion qui permettent de contrôler finement son comportement, c'est le sujet de la seconde partie de la formation.

L'ensemble des objets de configuration et les relations qu'ils ont les uns avec les autres forme ce que l'on appelle le **méta-modèle**. Il y a toujours de nombreuses façons de naviguer et d'obtenir un même résultat dasn l'application, c'est donc la compréhension du méta-mèle qui permet de s'orienter dans la configuration d'une application. Si le méta-modèle est le manuel de configuration, l'objet métier est le chapitre premier car c'est à lui que sont reliés la majorité des autres objets de configuration.

Outil de configuration : Modeler
---------------------------

Pour faciliter la visualisation des objets métiers et de leurs attributs, Simplicité met à disposition un outil nommé *Modeler*. Le modeleur exploite la configuration réalisée pour afficher ces informations sous forme visuelle *et manipulable*. Il est ainsi possible d'accéder à des fonctionnalités de Simplicité depuis le Modeler, et notamment la création d'objet métier. Une partie entière sera consacrée au modeleur en fin de formation.

Pour accéder au processus de création d'objet métier (par ailleurs accessible via Administration > Objet Métier > Assistant de création):
1. cliquer sur le bouton d'accès aux diagrammes dans la coin supérieur droit de l'interface. Un popup vide s'affiche; il n'y a actuelle aucun modèle configuré dans votre module.
2. saisir les informations suivantes dans le formulaire de création:
    - template name: **ModelBusinessObject** *(ne pas confondre avec ModelObject, moins riche en fonctionnalités)*
    - name: **ModelTraining**
    - type: **SVG**
    - module: **Training**
3. cliquer sur "Créer", pour créer le nouveau modèle et l'ouvrir dans une nouvelle fenêtre. *(le modeleur étant un bon outil de navigation, il est utile de le conserver ouvert dans un moniteur adjcent)*
4. réaliser un clic secondaire (clic droit) au centre du modèle, et choisir l'option "Créer un objet métier". Cela démarre l'assistant de création dans la fenêtre de travail principale.

Création de l'objet métier via l'assistant de création
---------------------------

Pour créer l'objet métier, les étapes suivantes se succèdent:
1. Configuration de l'objet métier
    - nom logique: **TrnSupplier** - *utilisé pour désigner l'objet métier, nommer la classe Java associée, etc.
    - nom physique: **trn_supplier** - *utilisé pour créer une table dans la BDD. Certains objets peuvent ne pas avoir de table, notamment dans le cas des objets webservice (dont les données sont obtenues à partir d'un service tiers)*
    - préfixe: **sup** - *utiliser pour assurer les conventions syntaxiques, et aider à la saisie d'attributs par exemple*
2. Traduction de l'objet métier (par défaut l'anglais et le français sont proposés). 
    - **Fournisseur|Fournisseurs** *NB: l'utilisation du "|" permet la saisie du pluriel*
3. Saisie des responsabilités: quels groupes ont quels types de droits sur l'objet
4. Ajout à un domaine: *permet de sélectionner à la suite de quel objet le nouvel objet sera ajouté dans le menu. il est possible de passer cette étape si l'objet ne doit pas être accessible via le menu*
]]></trnLsnContent>
		<trnLsnCatId.trnCatTitle>Configuration</trnLsnCatId.trnCatTitle>
		<trnLsnCatId.trnCatPath>/tutoriel/configuration</trnLsnCatId.trnCatPath>
		<trnLsnHtmlContent><![CDATA[<h1 id="création-dobjet-métier">Création d'objet métier</h1>
<h2 id="concepts">Concepts</h2>
<p>L'objet métier est la pierre angulaire de toute configuration, c'est autour de lui de se concentrent la plupart des fonctionnalités offertes par la plateforme:</p>
<ul>
<li>recherche</li>
<li>listes</li>
<li>formulaires</li>
<li>scripts</li>
<li>publications</li>
<li>etc.</li>
</ul>
<p>À partir de la configuration de l'objet métier, la plateforme créera une table dans la base de données, et offrira à l'utilisateur les fonctionnalité classiques de manipulation de données: création, suppression, modification, copie, modification en masse, suppression en masse, fusion, etc. Chaque objet métier peut porter des règles de gestion qui permettent de contrôler finement son comportement, c'est le sujet de la seconde partie de la formation.</p>
<p>L'ensemble des objets de configuration et les relations qu'ils ont les uns avec les autres forme ce que l'on appelle le <strong>méta-modèle</strong>. Il y a toujours de nombreuses façons de naviguer et d'obtenir un même résultat dasn l'application, c'est donc la compréhension du méta-mèle qui permet de s'orienter dans la configuration d'une application. Si le méta-modèle est le manuel de configuration, l'objet métier est le chapitre premier car c'est à lui que sont reliés la majorité des autres objets de configuration.</p>
<h2 id="outil-de-configuration--modeler">Outil de configuration : Modeler</h2>
<p>Pour faciliter la visualisation des objets métiers et de leurs attributs, Simplicité met à disposition un outil nommé <em>Modeler</em>. Le modeleur exploite la configuration réalisée pour afficher ces informations sous forme visuelle <em>et manipulable</em>. Il est ainsi possible d'accéder à des fonctionnalités de Simplicité depuis le Modeler, et notamment la création d'objet métier. Une partie entière sera consacrée au modeleur en fin de formation.</p>
<p>Pour accéder au processus de création d'objet métier (par ailleurs accessible via Administration &gt; Objet Métier &gt; Assistant de création):</p>
<ol>
<li>cliquer sur le bouton d'accès aux diagrammes dans la coin supérieur droit de l'interface. Un popup vide s'affiche; il n'y a actuelle aucun modèle configuré dans votre module.</li>
<li>saisir les informations suivantes dans le formulaire de création:
<ul>
<li>template name: <strong>ModelBusinessObject</strong> <em>(ne pas confondre avec ModelObject, moins riche en fonctionnalités)</em></li>
<li>name: <strong>ModelTraining</strong></li>
<li>type: <strong>SVG</strong></li>
<li>module: <strong>Training</strong></li>
</ul>
</li>
<li>cliquer sur &quot;Créer&quot;, pour créer le nouveau modèle et l'ouvrir dans une nouvelle fenêtre. <em>(le modeleur étant un bon outil de navigation, il est utile de le conserver ouvert dans un moniteur adjcent)</em></li>
<li>réaliser un clic secondaire (clic droit) au centre du modèle, et choisir l'option &quot;Créer un objet métier&quot;. Cela démarre l'assistant de création dans la fenêtre de travail principale.</li>
</ol>
<h2 id="création-de-lobjet-métier-via-lassistant-de-création">Création de l'objet métier via l'assistant de création</h2>
<p>Pour créer l'objet métier, les étapes suivantes se succèdent:</p>
<ol>
<li>Configuration de l'objet métier
<ul>
<li>nom logique: <strong>TrnSupplier</strong> - *utilisé pour désigner l'objet métier, nommer la classe Java associée, etc.</li>
<li>nom physique: <strong>trn_supplier</strong> - <em>utilisé pour créer une table dans la BDD. Certains objets peuvent ne pas avoir de table, notamment dans le cas des objets webservice (dont les données sont obtenues à partir d'un service tiers)</em></li>
<li>préfixe: <strong>sup</strong> - <em>utiliser pour assurer les conventions syntaxiques, et aider à la saisie d'attributs par exemple</em></li>
</ul>
</li>
<li>Traduction de l'objet métier (par défaut l'anglais et le français sont proposés).
<ul>
<li><strong>Fournisseur|Fournisseurs</strong> <em>NB: l'utilisation du &quot;|&quot; permet la saisie du pluriel</em></li>
</ul>
</li>
<li>Saisie des responsabilités: quels groupes ont quels types de droits sur l'objet</li>
<li>Ajout à un domaine: <em>permet de sélectionner à la suite de quel objet le nouvel objet sera ajouté dans le menu. il est possible de passer cette étape si l'objet ne doit pas être accessible via le menu</em></li>
</ol>
]]></trnLsnHtmlContent>
		<trnLsnCatId.trnCatId.trnCatTitle>Tutoriel</trnLsnCatId.trnCatId.trnCatTitle>
	</data>
	<data>
		<trnLsnOrder>120</trnLsnOrder>
		<trnLsnTitle>Créer attribut</trnLsnTitle>
		<trnLsnPath>/tutoriel/configuration/creerattribut</trnLsnPath>
		<trnLsnDescription/>
		<trnLsnVideo>TrnLesson/trnLsnVideo/0/13/create_attribute.webm</trnLsnVideo>
		<trnLsnContent><![CDATA[Création de l'attribut
====================

Concepts
---------------------------

Si l'objet a un formulaire, l'attribut sera un champ de ce formulaire. La configuration de l'attribut permet de déterminer s'il est ou non obligatoire, son type (texte, nombre, énuméré simple ou multiple, etc.).

L'attribut a, comme l'objet métier, un nom logique et un nom physique. Comme pour l'objet, le nom logique servira à faire référence à l'attribut dans les règles de gestion, dans le code, et respectera donc la syntaxe des attribut de classe Java. Similairement à l'objet aussi, le nom physique servira à créer une colonne dans la table de l'objet métier. Un attribut peut ne pas avoir de nom physique, c'est la cas par exemple des champs qui sont purement calculés, et ne nécessitent pas d'être persistés (enregistrés en base).

À ce stade, il est important d'introduire une notion fondamentale du méta-modèle: l'**attribut d'objet**. L'attribut peut être utilisé par de nombreux objets: on peut par exemple imaginer un champ "commentaire" présent dans les 300 objets de l'application. Si à un moment donné il nous faut modifier la taille de ce champ pour pouvoir saisir des commentaires plus longs, il est possible de le faire au niveau d'un seul attribut, plutôt que d'aller modifier les 300 attributs commentaires de nos 300 objets métier. Cette notion se traduit dans le méta-modèle par une **relation N/N entre l'attribut et l'objet métier**, et qui dit relation N/N, dit objet de relation. Dans Simplicité, cet objet de relation entre l'objet et l'attribut s'appelle l'attribut d'objet. En plus de porter la relation N/N, l'attribut d'objet permet de **surcharger** des caractéristiques de l'attribut (caractère obligatoire, traduction, etc).

C'est lors de l'association entre un objet et un attribut via un attribut d'objet que Simplicité créera une colonne portant le nom physique de l'attribut dans la table portant le nom physique de l'objet. 

Outil de configuration : template editor
---------------------------

Le template editor est un outil qui permet de faciliter la création, la modification et la mise en forme des objets de configuration suivants:
- template d'objet : c'est un template HTML qui contrôle l'affichage de l'objet (colonnes, onglets, etc)
- zonnes d'attributs : les attributs d'objets appartiennent à des zones d'attributs qui permettent de les regrouper. Ces regroupements se retrouveront dans l'affichage en liste de l'objet.
- attributs 
- énumérés simple et multiples : listes de valeurs pour les attributs ce ce type

Dans le template editor, tous ces objets de configuration sont volontairement simplifiés. Pour les configurer dans le détail, il faut passer par le formulaire de l'objet de configuration concerné et non par le template editor

Création d'attribut via le template editor
---------------------------

1. Via le modeler, faire un clic droit sur l'objet métier Supplier
2. Sélectionner l'option "éditer le template". 
3. Comme l'objet n'a pas encore de template, la plateforme propose un certain nombre de modèles de templates. Sélectionner le premier.
4. Sur le template editor, déplacer la souris sur un bouton "+", puis ajouter un "Attribut" de type "Texte court"]]></trnLsnContent>
		<trnLsnCatId.trnCatTitle>Configuration</trnLsnCatId.trnCatTitle>
		<trnLsnCatId.trnCatPath>/tutoriel/configuration</trnLsnCatId.trnCatPath>
		<trnLsnHtmlContent><![CDATA[<h1 id="création-de-lattribut">Création de l'attribut</h1>
<h2 id="concepts">Concepts</h2>
<p>Si l'objet a un formulaire, l'attribut sera un champ de ce formulaire. La configuration de l'attribut permet de déterminer s'il est ou non obligatoire, son type (texte, nombre, énuméré simple ou multiple, etc.).</p>
<p>L'attribut a, comme l'objet métier, un nom logique et un nom physique. Comme pour l'objet, le nom logique servira à faire référence à l'attribut dans les règles de gestion, dans le code, et respectera donc la syntaxe des attribut de classe Java. Similairement à l'objet aussi, le nom physique servira à créer une colonne dans la table de l'objet métier. Un attribut peut ne pas avoir de nom physique, c'est la cas par exemple des champs qui sont purement calculés, et ne nécessitent pas d'être persistés (enregistrés en base).</p>
<p>À ce stade, il est important d'introduire une notion fondamentale du méta-modèle: l'<strong>attribut d'objet</strong>. L'attribut peut être utilisé par de nombreux objets: on peut par exemple imaginer un champ &quot;commentaire&quot; présent dans les 300 objets de l'application. Si à un moment donné il nous faut modifier la taille de ce champ pour pouvoir saisir des commentaires plus longs, il est possible de le faire au niveau d'un seul attribut, plutôt que d'aller modifier les 300 attributs commentaires de nos 300 objets métier. Cette notion se traduit dans le méta-modèle par une <strong>relation N/N entre l'attribut et l'objet métier</strong>, et qui dit relation N/N, dit objet de relation. Dans Simplicité, cet objet de relation entre l'objet et l'attribut s'appelle l'attribut d'objet. En plus de porter la relation N/N, l'attribut d'objet permet de <strong>surcharger</strong> des caractéristiques de l'attribut (caractère obligatoire, traduction, etc).</p>
<p>C'est lors de l'association entre un objet et un attribut via un attribut d'objet que Simplicité créera une colonne portant le nom physique de l'attribut dans la table portant le nom physique de l'objet.</p>
<h2 id="outil-de-configuration--template-editor">Outil de configuration : template editor</h2>
<p>Le template editor est un outil qui permet de faciliter la création, la modification et la mise en forme des objets de configuration suivants:</p>
<ul>
<li>template d'objet : c'est un template HTML qui contrôle l'affichage de l'objet (colonnes, onglets, etc)</li>
<li>zonnes d'attributs : les attributs d'objets appartiennent à des zones d'attributs qui permettent de les regrouper. Ces regroupements se retrouveront dans l'affichage en liste de l'objet.</li>
<li>attributs</li>
<li>énumérés simple et multiples : listes de valeurs pour les attributs ce ce type</li>
</ul>
<p>Dans le template editor, tous ces objets de configuration sont volontairement simplifiés. Pour les configurer dans le détail, il faut passer par le formulaire de l'objet de configuration concerné et non par le template editor</p>
<h2 id="création-dattribut-via-le-template-editor">Création d'attribut via le template editor</h2>
<ol>
<li>Via le modeler, faire un clic droit sur l'objet métier Supplier</li>
<li>Sélectionner l'option &quot;éditer le template&quot;.</li>
<li>Comme l'objet n'a pas encore de template, la plateforme propose un certain nombre de modèles de templates. Sélectionner le premier.</li>
<li>Sur le template editor, déplacer la souris sur un bouton &quot;+&quot;, puis ajouter un &quot;Attribut&quot; de type &quot;Texte court&quot;</li>
</ol>
]]></trnLsnHtmlContent>
		<trnLsnCatId.trnCatId.trnCatTitle>Tutoriel</trnLsnCatId.trnCatId.trnCatTitle>
	</data>
</object>
<object>
	<name>TrnLsnTranslate</name>
	<action>upsert</action>
</object>
<object>
	<name>TrnPicture</name>
	<action>upsert</action>
	<data>
		<trnPicImage>TrnPicture/trnPicImage/0/7/formation_013.png</trnPicImage>
		<trnPicLang>FRA</trnPicLang>
		<trnPicLsnId.trnLsnTitle>Créer module</trnPicLsnId.trnLsnTitle>
	</data>
	<data>
		<trnPicImage>TrnPicture/trnPicImage/0/8/formation_024.png</trnPicImage>
		<trnPicLang>FRA</trnPicLang>
		<trnPicLsnId.trnLsnTitle>Créer attribut</trnPicLsnId.trnLsnTitle>
	</data>
	<data>
		<trnPicImage>TrnPicture/trnPicImage/0/9/formation_025.png</trnPicImage>
		<trnPicLang>FRA</trnPicLang>
		<trnPicLsnId.trnLsnTitle>Créer attribut</trnPicLsnId.trnLsnTitle>
	</data>
	<data>
		<trnPicImage>TrnPicture/trnPicImage/0/10/formation_021.png</trnPicImage>
		<trnPicLang>FRA</trnPicLang>
		<trnPicLsnId.trnLsnTitle>Créer Objet Métier</trnPicLsnId.trnLsnTitle>
	</data>
	<data>
		<trnPicImage>TrnPicture/trnPicImage/0/11/formation_023.png</trnPicImage>
		<trnPicLang>FRA</trnPicLang>
		<trnPicLsnId.trnLsnTitle>Créer Objet Métier</trnPicLsnId.trnLsnTitle>
	</data>
	<data>
		<trnPicImage>TrnPicture/trnPicImage/0/12/formation_021.png</trnPicImage>
		<trnPicLang>FRA</trnPicLang>
		<trnPicLsnId.trnLsnTitle>Mise en forme Markdown</trnPicLsnId.trnLsnTitle>
	</data>
	<data>
		<trnPicImage>TrnPicture/trnPicImage/0/13/formation_023.png</trnPicImage>
		<trnPicLang>FRA</trnPicLang>
		<trnPicLsnId.trnLsnTitle>Mise en forme Markdown</trnPicLsnId.trnLsnTitle>
	</data>
</object>
</simplicite>